{
   "bookings":[
      {
         "priorityCode":"",
         "encodingSystem":"VACC_LAZ",
         "serviceId":"CSD-108-ROCPRIOR",
         "diaryId":"10110221",
         "siteName":"CASA DELLA SALUTE ROCCA PRIORA",
         "unitId":"1301721",
         "agendaType":"STD",
         "reminder":false,
         "requestId":"A1",
         "patientDetails":{
            "mobile":"",
            "mail":"",
            "contactType":0
         },
         "applicantDetails":{
            "mobile":""
         },
         "slot":{
            "date":"2021-05-23",
            "time":"11:45",
            "duration":0,
            "datetime":1621763100000
         },
         "prescriptionItems":[
            {
               "displayName":"VACCINO COVID 19",
               "codes":[
                  {
                     "code":"VAC.99.120",
                     "externalId":null,
                     "encodingSystem":"VACC_LAZ",
                     "flagRepeatable":false,
                     "familyCode":null,
                     "familyName":null,
                     "bookable":false,
                     "publicAccess":false,
                     "directAccess":false,
                     "aliases":null,
                     "regimes":null,
                     "quesiti":null,
                     "servicePoints":null,
                     "quesito":null,
                     "customFields":null,
                     "requestId":null
                  }
               ],
               "requestId":"A1"
            }
         ]
      },
      {
         "priorityCode":"",
         "encodingSystem":"VACC_LAZ",
         "serviceId":"CSD-109-ROCPRIOR",
         "diaryId":"10210221",
         "siteName":"CASA DELLA SALUTE ROCCA PRIORA",
         "unitId":"1301721",
         "agendaType":"STD",
         "reminder":false,
         "requestId":"A2",
         "patientDetails":{
            "mobile":"",
            "mail":"",
            "contactType":0
         },
         "applicantDetails":{
            "mobile":""
         },
         "slot":{
            "date":"2021-08-08",
            "time":"12:45",
            "duration":0,
            "datetime":1628419500000
         },
         "prescriptionItems":[
            {
               "displayName":"VACCINO COVID 19",
               "codes":[
                  {
                     "code":"VAC.99.121",
                     "externalId":null,
                     "encodingSystem":"VACC_LAZ",
                     "flagRepeatable":false,
                     "familyCode":null,
                     "familyName":null,
                     "bookable":false,
                     "publicAccess":false,
                     "directAccess":false,
                     "aliases":null,
                     "regimes":null,
                     "quesiti":null,
                     "servicePoints":null,
                     "quesito":null,
                     "customFields":null,
                     "requestId":null
                  }
               ],
               "requestId":"A2"
            }
         ]
      }
   ],
   "pdf":false,
   "language":"it",
   "paymentSubject":"VAC"
}